PRAGMA foreign_keys=OFF;
BEGIN TRANSACTION;
CREATE TABLE "django_migrations" ("id" integer NOT NULL PRIMARY KEY AUTOINCREMENT, "app" varchar(255) NOT NULL, "name" varchar(255) NOT NULL, "applied" datetime NOT NULL);
INSERT INTO "django_migrations" VALUES(1,'contenttypes','0001_initial','2016-06-28 12:56:09.128732');
INSERT INTO "django_migrations" VALUES(2,'auth','0001_initial','2016-06-28 12:56:09.346721');
INSERT INTO "django_migrations" VALUES(3,'account','0001_initial','2016-06-28 12:56:09.580573');
INSERT INTO "django_migrations" VALUES(4,'account','0002_email_max_length','2016-06-28 12:56:09.781229');
INSERT INTO "django_migrations" VALUES(5,'admin','0001_initial','2016-06-28 12:56:09.990002');
INSERT INTO "django_migrations" VALUES(6,'admin','0002_logentry_remove_auto_add','2016-06-28 12:56:10.182937');
INSERT INTO "django_migrations" VALUES(7,'contenttypes','0002_remove_content_type_name','2016-06-28 12:56:10.406149');
INSERT INTO "django_migrations" VALUES(8,'auth','0002_alter_permission_name_max_length','2016-06-28 12:56:10.598947');
INSERT INTO "django_migrations" VALUES(9,'auth','0003_alter_user_email_max_length','2016-06-28 12:56:10.784571');
INSERT INTO "django_migrations" VALUES(10,'auth','0004_alter_user_username_opts','2016-06-28 12:56:10.989308');
INSERT INTO "django_migrations" VALUES(11,'auth','0005_alter_user_last_login_null','2016-06-28 12:56:11.239665');
INSERT INTO "django_migrations" VALUES(12,'auth','0006_require_contenttypes_0002','2016-06-28 12:56:11.314755');
INSERT INTO "django_migrations" VALUES(13,'auth','0007_alter_validators_add_error_messages','2016-06-28 12:56:11.481714');
INSERT INTO "django_migrations" VALUES(14,'sessions','0001_initial','2016-06-28 12:56:11.622959');
INSERT INTO "django_migrations" VALUES(15,'sites','0001_initial','2016-06-28 12:56:11.812898');
INSERT INTO "django_migrations" VALUES(16,'sites','0002_alter_domain_unique','2016-06-28 12:56:12.013052');
INSERT INTO "django_migrations" VALUES(17,'socialaccount','0001_initial','2016-06-28 12:56:12.339268');
INSERT INTO "django_migrations" VALUES(18,'socialaccount','0002_token_max_lengths','2016-06-28 12:56:12.623500');
INSERT INTO "django_migrations" VALUES(19,'socialaccount','0003_extra_data_default_dict','2016-06-28 12:56:12.798163');
INSERT INTO "django_migrations" VALUES(20,'eventos','0001_initial','2016-06-29 23:03:38.173329');
INSERT INTO "django_migrations" VALUES(21,'eventos','0002_auto_20160630_0052','2016-06-30 00:52:07.953560');
INSERT INTO "django_migrations" VALUES(22,'eventos','0003_auto_20160826_2342','2016-08-27 13:16:03.681556');
CREATE TABLE "auth_group" ("id" integer NOT NULL PRIMARY KEY AUTOINCREMENT, "name" varchar(80) NOT NULL UNIQUE);
CREATE TABLE "auth_group_permissions" ("id" integer NOT NULL PRIMARY KEY AUTOINCREMENT, "group_id" integer NOT NULL REFERENCES "auth_group" ("id"), "permission_id" integer NOT NULL REFERENCES "auth_permission" ("id"));
CREATE TABLE "auth_user_groups" ("id" integer NOT NULL PRIMARY KEY AUTOINCREMENT, "user_id" integer NOT NULL REFERENCES "auth_user" ("id"), "group_id" integer NOT NULL REFERENCES "auth_group" ("id"));
CREATE TABLE "auth_user_user_permissions" ("id" integer NOT NULL PRIMARY KEY AUTOINCREMENT, "user_id" integer NOT NULL REFERENCES "auth_user" ("id"), "permission_id" integer NOT NULL REFERENCES "auth_permission" ("id"));
CREATE TABLE "account_emailconfirmation" ("id" integer NOT NULL PRIMARY KEY AUTOINCREMENT, "created" datetime NOT NULL, "sent" datetime NULL, "key" varchar(64) NOT NULL UNIQUE, "email_address_id" integer NOT NULL REFERENCES "account_emailaddress" ("id"));
CREATE TABLE "account_emailaddress" ("id" integer NOT NULL PRIMARY KEY AUTOINCREMENT, "verified" bool NOT NULL, "primary" bool NOT NULL, "user_id" integer NOT NULL REFERENCES "auth_user" ("id"), "email" varchar(254) NOT NULL UNIQUE);
INSERT INTO "account_emailaddress" VALUES(1,1,1,2,'geekaia@gmail.com');
INSERT INTO "account_emailaddress" VALUES(2,0,1,3,'francolc_u@hotmail.com');
INSERT INTO "account_emailaddress" VALUES(3,0,1,4,'daysethaisfranco@gmail.com');
INSERT INTO "account_emailaddress" VALUES(4,0,1,5,'suzicleia@hotmail.com');
INSERT INTO "account_emailaddress" VALUES(5,1,1,6,'suzicleiadejesus@gmail.com');
CREATE TABLE "django_admin_log" ("id" integer NOT NULL PRIMARY KEY AUTOINCREMENT, "object_id" text NULL, "object_repr" varchar(200) NOT NULL, "action_flag" smallint unsigned NOT NULL, "change_message" text NOT NULL, "content_type_id" integer NULL REFERENCES "django_content_type" ("id"), "user_id" integer NOT NULL REFERENCES "auth_user" ("id"), "action_time" datetime NOT NULL);
INSERT INTO "django_admin_log" VALUES(1,'1','Google',1,'Added.',10,1,'2016-06-28 13:20:36.217282');
INSERT INTO "django_admin_log" VALUES(2,'1','example.com',2,'No fields changed.',7,1,'2016-06-28 13:59:42.223296');
INSERT INTO "django_admin_log" VALUES(3,'2','localhost',1,'Added.',7,1,'2016-06-28 13:59:52.136489');
INSERT INTO "django_admin_log" VALUES(4,'2','localhost',2,'No fields changed.',7,1,'2016-06-28 14:00:30.669230');
INSERT INTO "django_admin_log" VALUES(5,'1','Google',2,'Changed sites.',10,1,'2016-06-28 14:00:51.693689');
INSERT INTO "django_admin_log" VALUES(6,'1','Google',2,'Changed secret.',10,1,'2016-06-28 14:04:32.158969');
INSERT INTO "django_admin_log" VALUES(7,'1','Google',2,'Changed client_id and secret.',10,1,'2016-06-28 14:12:06.249255');
INSERT INTO "django_admin_log" VALUES(8,'2','facebook',1,'Added.',10,1,'2016-06-28 14:48:44.416388');
INSERT INTO "django_admin_log" VALUES(9,'2','facebook',2,'Changed secret.',10,1,'2016-06-28 14:50:35.459437');
INSERT INTO "django_admin_log" VALUES(10,'2','facebook',2,'Changed client_id and secret.',10,1,'2016-06-29 13:25:57.386058');
CREATE TABLE "django_content_type" ("id" integer NOT NULL PRIMARY KEY AUTOINCREMENT, "app_label" varchar(100) NOT NULL, "model" varchar(100) NOT NULL);
INSERT INTO "django_content_type" VALUES(1,'admin','logentry');
INSERT INTO "django_content_type" VALUES(2,'auth','permission');
INSERT INTO "django_content_type" VALUES(3,'auth','group');
INSERT INTO "django_content_type" VALUES(4,'auth','user');
INSERT INTO "django_content_type" VALUES(5,'contenttypes','contenttype');
INSERT INTO "django_content_type" VALUES(6,'sessions','session');
INSERT INTO "django_content_type" VALUES(7,'sites','site');
INSERT INTO "django_content_type" VALUES(8,'account','emailaddress');
INSERT INTO "django_content_type" VALUES(9,'account','emailconfirmation');
INSERT INTO "django_content_type" VALUES(10,'socialaccount','socialapp');
INSERT INTO "django_content_type" VALUES(11,'socialaccount','socialaccount');
INSERT INTO "django_content_type" VALUES(12,'socialaccount','socialtoken');
INSERT INTO "django_content_type" VALUES(13,'eventos','perfil');
INSERT INTO "django_content_type" VALUES(14,'eventos','questionario');
INSERT INTO "django_content_type" VALUES(15,'eventos','inscriuser');
INSERT INTO "django_content_type" VALUES(16,'eventos','evento');
INSERT INTO "django_content_type" VALUES(17,'eventos','atividade');
INSERT INTO "django_content_type" VALUES(18,'eventos','inscricaoev');
INSERT INTO "django_content_type" VALUES(19,'eventos','inscricaoativ');
CREATE TABLE "auth_permission" ("id" integer NOT NULL PRIMARY KEY AUTOINCREMENT, "content_type_id" integer NOT NULL REFERENCES "django_content_type" ("id"), "codename" varchar(100) NOT NULL, "name" varchar(255) NOT NULL);
INSERT INTO "auth_permission" VALUES(1,1,'add_logentry','Can add log entry');
INSERT INTO "auth_permission" VALUES(2,1,'change_logentry','Can change log entry');
INSERT INTO "auth_permission" VALUES(3,1,'delete_logentry','Can delete log entry');
INSERT INTO "auth_permission" VALUES(4,2,'add_permission','Can add permission');
INSERT INTO "auth_permission" VALUES(5,2,'change_permission','Can change permission');
INSERT INTO "auth_permission" VALUES(6,2,'delete_permission','Can delete permission');
INSERT INTO "auth_permission" VALUES(7,3,'add_group','Can add group');
INSERT INTO "auth_permission" VALUES(8,3,'change_group','Can change group');
INSERT INTO "auth_permission" VALUES(9,3,'delete_group','Can delete group');
INSERT INTO "auth_permission" VALUES(10,4,'add_user','Can add user');
INSERT INTO "auth_permission" VALUES(11,4,'change_user','Can change user');
INSERT INTO "auth_permission" VALUES(12,4,'delete_user','Can delete user');
INSERT INTO "auth_permission" VALUES(13,5,'add_contenttype','Can add content type');
INSERT INTO "auth_permission" VALUES(14,5,'change_contenttype','Can change content type');
INSERT INTO "auth_permission" VALUES(15,5,'delete_contenttype','Can delete content type');
INSERT INTO "auth_permission" VALUES(16,6,'add_session','Can add session');
INSERT INTO "auth_permission" VALUES(17,6,'change_session','Can change session');
INSERT INTO "auth_permission" VALUES(18,6,'delete_session','Can delete session');
INSERT INTO "auth_permission" VALUES(19,7,'add_site','Can add site');
INSERT INTO "auth_permission" VALUES(20,7,'change_site','Can change site');
INSERT INTO "auth_permission" VALUES(21,7,'delete_site','Can delete site');
INSERT INTO "auth_permission" VALUES(22,8,'add_emailaddress','Can add email address');
INSERT INTO "auth_permission" VALUES(23,8,'change_emailaddress','Can change email address');
INSERT INTO "auth_permission" VALUES(24,8,'delete_emailaddress','Can delete email address');
INSERT INTO "auth_permission" VALUES(25,9,'add_emailconfirmation','Can add email confirmation');
INSERT INTO "auth_permission" VALUES(26,9,'change_emailconfirmation','Can change email confirmation');
INSERT INTO "auth_permission" VALUES(27,9,'delete_emailconfirmation','Can delete email confirmation');
INSERT INTO "auth_permission" VALUES(28,10,'add_socialapp','Can add social application');
INSERT INTO "auth_permission" VALUES(29,10,'change_socialapp','Can change social application');
INSERT INTO "auth_permission" VALUES(30,10,'delete_socialapp','Can delete social application');
INSERT INTO "auth_permission" VALUES(31,11,'add_socialaccount','Can add social account');
INSERT INTO "auth_permission" VALUES(32,11,'change_socialaccount','Can change social account');
INSERT INTO "auth_permission" VALUES(33,11,'delete_socialaccount','Can delete social account');
INSERT INTO "auth_permission" VALUES(34,12,'add_socialtoken','Can add social application token');
INSERT INTO "auth_permission" VALUES(35,12,'change_socialtoken','Can change social application token');
INSERT INTO "auth_permission" VALUES(36,12,'delete_socialtoken','Can delete social application token');
INSERT INTO "auth_permission" VALUES(37,13,'add_perfil','Can add perfil');
INSERT INTO "auth_permission" VALUES(38,13,'change_perfil','Can change perfil');
INSERT INTO "auth_permission" VALUES(39,13,'delete_perfil','Can delete perfil');
INSERT INTO "auth_permission" VALUES(40,14,'add_questionario','Can add questionario');
INSERT INTO "auth_permission" VALUES(41,14,'change_questionario','Can change questionario');
INSERT INTO "auth_permission" VALUES(42,14,'delete_questionario','Can delete questionario');
INSERT INTO "auth_permission" VALUES(43,15,'add_inscriuser','Can add inscri user');
INSERT INTO "auth_permission" VALUES(44,15,'change_inscriuser','Can change inscri user');
INSERT INTO "auth_permission" VALUES(45,15,'delete_inscriuser','Can delete inscri user');
INSERT INTO "auth_permission" VALUES(46,16,'add_evento','Can add evento');
INSERT INTO "auth_permission" VALUES(47,16,'change_evento','Can change evento');
INSERT INTO "auth_permission" VALUES(48,16,'delete_evento','Can delete evento');
INSERT INTO "auth_permission" VALUES(49,17,'add_atividade','Can add atividade');
INSERT INTO "auth_permission" VALUES(50,17,'change_atividade','Can change atividade');
INSERT INTO "auth_permission" VALUES(51,17,'delete_atividade','Can delete atividade');
INSERT INTO "auth_permission" VALUES(52,18,'add_inscricaoev','Can add inscricao ev');
INSERT INTO "auth_permission" VALUES(53,18,'change_inscricaoev','Can change inscricao ev');
INSERT INTO "auth_permission" VALUES(54,18,'delete_inscricaoev','Can delete inscricao ev');
INSERT INTO "auth_permission" VALUES(55,19,'add_inscricaoativ','Can add inscricao ativ');
INSERT INTO "auth_permission" VALUES(56,19,'change_inscricaoativ','Can change inscricao ativ');
INSERT INTO "auth_permission" VALUES(57,19,'delete_inscricaoativ','Can delete inscricao ativ');
CREATE TABLE "auth_user" ("id" integer NOT NULL PRIMARY KEY AUTOINCREMENT, "password" varchar(128) NOT NULL, "last_login" datetime NULL, "is_superuser" bool NOT NULL, "first_name" varchar(30) NOT NULL, "last_name" varchar(30) NOT NULL, "email" varchar(254) NOT NULL, "is_staff" bool NOT NULL, "is_active" bool NOT NULL, "date_joined" datetime NOT NULL, "username" varchar(30) NOT NULL UNIQUE);
INSERT INTO "auth_user" VALUES(1,'pbkdf2_sha256$24000$ZiAzoEryJjpl$+JUmqbGyeCkF8N/06HqzJTvMDUzBuLNxYvnjLrS2llc=','2016-08-29 11:23:12.925673',1,'','','adm@gmail.com',1,1,'2016-06-28 12:56:45.307975','adm');
INSERT INTO "auth_user" VALUES(2,'!j7pe0eFpaXsUJLoQjx0UzBktN1ae7FjqUXPPlliC','2016-08-27 18:33:26.488738',0,'Jacinto José','Franco','geekaia@gmail.com',0,1,'2016-06-28 14:12:25.852735','jacinto_jose');
INSERT INTO "auth_user" VALUES(3,'!b71iqxGiLYI6SYYF6maOf7YlC6o3t3Wq1xq19k2j','2016-08-27 16:51:52.070166',0,'Jacinto José','Franco','francolc_u@hotmail.com',0,1,'2016-06-29 13:28:41.592572','jacinto_jose2');
INSERT INTO "auth_user" VALUES(4,'!K5sqQ1gNcu8KDappcgrMylWv822y2mLoar4sUm3m','2016-06-29 18:38:43.672022',0,'Dayse','Thais','daysethaisfranco@gmail.com',0,1,'2016-06-29 13:29:56.452373','dayse');
INSERT INTO "auth_user" VALUES(5,'!WIl6CEhKnVy72JT4JKIeORjZlGHKyud3RTh6Gtr7','2016-06-30 00:04:42.877258',0,'Suzicleia','Franco','suzicleia@hotmail.com',0,1,'2016-06-29 22:36:39.469657','suzicleia');
INSERT INTO "auth_user" VALUES(6,'!d0H5UFtuLo0gzIUGc0d7nM7NlPdpHCnT2oUarkWI','2016-07-02 20:34:27.435290',0,'suzicleia','de Jesus','suzicleiadejesus@gmail.com',0,1,'2016-07-02 20:34:26.917998','suzicleia2');
CREATE TABLE "django_session" ("session_key" varchar(40) NOT NULL PRIMARY KEY, "session_data" text NOT NULL, "expire_date" datetime NOT NULL);
INSERT INTO "django_session" VALUES('1xeimokkepne1pa69w733gtgbwxlsc0f','OGIzYTBkYzc1MjJlY2UzMjIxOGQ0MmE3NzBiOTZhMzBkY2Y1ZDM3Yjp7InNvY2lhbGFjY291bnRfc3RhdGUiOlt7InNjb3BlIjoiIiwiYXV0aF9wYXJhbXMiOiIiLCJwcm9jZXNzIjoibG9naW4ifSwieERuWkU4MWVVUzVzIl19','2016-07-12 20:16:51.469735');
INSERT INTO "django_session" VALUES('jrhcy0dwb0qik6f8kt0qwyiow8p3jui7','YmI5MTc1NDM1Mjg0YTZlMjNlMjZkNzYxNDJkMGViZjgyOTZmOGY4ZTp7InNvY2lhbGFjY291bnRfc3RhdGUiOlt7ImF1dGhfcGFyYW1zIjoiIiwic2NvcGUiOiIiLCJwcm9jZXNzIjoibG9naW4ifSwiczd4R0FSN2pVY0l5Il19','2016-07-12 23:30:24.389619');
INSERT INTO "django_session" VALUES('2awuea9e54niltw5m1suw02lxyo72gyi','Y2M3YTJkZTYyOTRiMmJiNjJjMDc4YjgyMzJhZTBhYjE2ZmRmYjdhYTp7Il9hdXRoX3VzZXJfaWQiOiI1IiwiX2F1dGhfdXNlcl9iYWNrZW5kIjoiYWxsYXV0aC5hY2NvdW50LmF1dGhfYmFja2VuZHMuQXV0aGVudGljYXRpb25CYWNrZW5kIiwiX2F1dGhfdXNlcl9oYXNoIjoiZWQ5MjhhODhkNGFkODVlNjliMmUwMGEzNWM4NjhhMjdhYWIyNDExNSJ9','2016-07-14 00:04:42.971483');
INSERT INTO "django_session" VALUES('x3yhwgk9pvek1soe8498km9yx64vjzt5','NGM2Mjc1ZTRiNmI1MmNmZjhjNzBjMjI2OTViOTc0MzJlMGUwNjcyMzp7Il9hdXRoX3VzZXJfaGFzaCI6ImI1ZjU2ZGVhN2JkNzA5YzQ4NmI2OTY0ZDRkOGIxNDFjYTY4N2RhMDQiLCJfYXV0aF91c2VyX2lkIjoiMyIsIl9hdXRoX3VzZXJfYmFja2VuZCI6ImFsbGF1dGguYWNjb3VudC5hdXRoX2JhY2tlbmRzLkF1dGhlbnRpY2F0aW9uQmFja2VuZCJ9','2016-08-10 19:34:52.414116');
INSERT INTO "django_session" VALUES('atra9k3wicd17mpqen4g9qnfidso970u','OGUxM2NkMGJjNWUxNTg1NmI0YjdjMDZkOWI0YWFkMGE3ZTc1NTQyNjp7Il9hdXRoX3VzZXJfaWQiOiIyIiwiX2F1dGhfdXNlcl9iYWNrZW5kIjoiYWxsYXV0aC5hY2NvdW50LmF1dGhfYmFja2VuZHMuQXV0aGVudGljYXRpb25CYWNrZW5kIiwiX2F1dGhfdXNlcl9oYXNoIjoiN2QzMjAyOWE2NTQzNWRkMjg4OGEyNGEwMjllMjRlZjlkNTZjYWUzMyJ9','2016-08-26 23:46:26.223661');
INSERT INTO "django_session" VALUES('iooun4vbdodih7nawfqf24z8pqb2hbdh','MjkwOGNmM2U2ZTJkZDgxMTE1MjczNTUxNDY4NjU1NGQxMjEwZDdkMzp7Il9hdXRoX3VzZXJfaGFzaCI6ImI1ZjU2ZGVhN2JkNzA5YzQ4NmI2OTY0ZDRkOGIxNDFjYTY4N2RhMDQiLCJfYXV0aF91c2VyX2JhY2tlbmQiOiJhbGxhdXRoLmFjY291bnQuYXV0aF9iYWNrZW5kcy5BdXRoZW50aWNhdGlvbkJhY2tlbmQiLCJfYXV0aF91c2VyX2lkIjoiMyJ9','2016-09-02 21:15:59.468199');
INSERT INTO "django_session" VALUES('n9m3xumtg51aqd2dt18ohiwpg5q34ufn','NTg0MmVhODRiYzFhMTFiYTJjZWUzMGJiNTI1YWNkZDA5NDExYjc3ZTp7InNvY2lhbGFjY291bnRfc3RhdGUiOlt7InNjb3BlIjoiIiwiYXV0aF9wYXJhbXMiOiIiLCJwcm9jZXNzIjoibG9naW4ifSwiWkR6aFBEeXRwbldnIl19','2016-09-02 21:24:26.178499');
INSERT INTO "django_session" VALUES('klt4rvab23i8d47xutbo31bq22qm2exa','ZWU5MTExYzBmOTk5YzMyNTZhM2M3ZTcyYzkwNWJjMjZhZDU0MTg0NDp7Il9hdXRoX3VzZXJfaWQiOiIxIiwiX2F1dGhfdXNlcl9iYWNrZW5kIjoiZGphbmdvLmNvbnRyaWIuYXV0aC5iYWNrZW5kcy5Nb2RlbEJhY2tlbmQiLCJfYXV0aF91c2VyX2hhc2giOiJkYTg2Y2JlZDIzODg0YjIzYmY3NTQ2MjExMDE0MjUxOWI2MGYzYWE3In0=','2016-09-10 19:04:11.170566');
INSERT INTO "django_session" VALUES('r2shbrgqh3kntoe6lu3kc688nexxfvqe','OGQxNTIzYjdhZTg4NDVhYmQ5YTlkNWM4ZGRlM2I3ZDdlZDMwMzhhMjp7Il9hdXRoX3VzZXJfaGFzaCI6IjI0ZGUxZWFkNDY3Mjg4OWRiZDEyOGQ5N2QzNGViOTBjYzY2NzVhMGIiLCJfYXV0aF91c2VyX2JhY2tlbmQiOiJkamFuZ28uY29udHJpYi5hdXRoLmJhY2tlbmRzLk1vZGVsQmFja2VuZCIsIl9hdXRoX3VzZXJfaWQiOiIxIn0=','2016-09-10 20:33:35.460973');
INSERT INTO "django_session" VALUES('tkddg0z8mkkz89jsh1ramw6qp9mwdnxl','ZWQ0NDAxMTdjNzdmZjI1ZjNiNjU4MDBlYTg0MzM5ZDIwODM5MGJkZTp7Il9hdXRoX3VzZXJfYmFja2VuZCI6ImRqYW5nby5jb250cmliLmF1dGguYmFja2VuZHMuTW9kZWxCYWNrZW5kIiwiX2F1dGhfdXNlcl9pZCI6IjEiLCJfYXV0aF91c2VyX2hhc2giOiIyNGRlMWVhZDQ2NzI4ODlkYmQxMjhkOTdkMzRlYjkwY2M2Njc1YTBiIn0=','2016-09-12 11:23:12.936939');
CREATE TABLE "django_site" ("id" integer NOT NULL PRIMARY KEY AUTOINCREMENT, "name" varchar(50) NOT NULL, "domain" varchar(100) NOT NULL UNIQUE);
INSERT INTO "django_site" VALUES(1,'example.com','example.com');
INSERT INTO "django_site" VALUES(2,'teste','localhost');
CREATE TABLE "socialaccount_socialapp_sites" ("id" integer NOT NULL PRIMARY KEY AUTOINCREMENT, "socialapp_id" integer NOT NULL REFERENCES "socialaccount_socialapp" ("id"), "site_id" integer NOT NULL REFERENCES "django_site" ("id"));
INSERT INTO "socialaccount_socialapp_sites" VALUES(1,1,1);
INSERT INTO "socialaccount_socialapp_sites" VALUES(2,1,2);
INSERT INTO "socialaccount_socialapp_sites" VALUES(3,2,1);
INSERT INTO "socialaccount_socialapp_sites" VALUES(4,2,2);
CREATE TABLE "socialaccount_socialtoken" ("id" integer NOT NULL PRIMARY KEY AUTOINCREMENT, "token" text NOT NULL, "token_secret" text NOT NULL, "expires_at" datetime NULL, "account_id" integer NOT NULL REFERENCES "socialaccount_socialaccount" ("id"), "app_id" integer NOT NULL REFERENCES "socialaccount_socialapp" ("id"));
INSERT INTO "socialaccount_socialtoken" VALUES(1,'ya29.CjBMAzQUPOkeuS0k0ZH96A5MLBT6qvChdNXd5t55YKnm2qUjlMkEel_5j6ikQk5NxLw','','2016-08-27 19:33:24.276616',1,1);
INSERT INTO "socialaccount_socialtoken" VALUES(2,'EAAOzPx1ZBSZCYBABRjHEEkShuZBMPo9X3ywojtaZAeD83sTfyC2GAtabZAOrTU4YIZCcRvLWITFHUZCCUBHZAgWOefus9eAUP9aZAjpnfX0TKfGSs4dbXuHg8xnLH4kMv3oVZCcOXk6QwqDxkLKUa3xZBho4KHeeKiH5PFsioBPvdOwdgZDZD','',NULL,2,2);
INSERT INTO "socialaccount_socialtoken" VALUES(3,'EAAOzPx1ZBSZCYBAPasTPdTaaOU2bcCewXQBFjfZAZCZCDdrUF2o5KZATWxZBiGIjCRDaCu05UrGlqo2Erduud4ZAlUEGtj5oq0dvlrOj6h72IRAllBRLtDhsVezkZAnmrZBZCkZCR7Yq0WZBZCkYXd5hZAhbFnkOQa87qUGSz4ZD','',NULL,3,2);
INSERT INTO "socialaccount_socialtoken" VALUES(4,'EAAOzPx1ZBSZCYBANjbt9GaPlLke4h9uaDAZBxfUQNG8eByNPGbFoM6RGCbfORS448mwi5ZBa9ZB7OpRZCNk5iRf8ZAZAt28sEFQn4IQj8LIIyjwrnEVqdjsGNH7fWDEEgPnm1u59WcLaDk87aqViDTZB1Bn1seUcbc8AZD','',NULL,4,2);
INSERT INTO "socialaccount_socialtoken" VALUES(5,'ya29.Ci8TAwG1gReOPXcd8hM0UpMyE2FOm3mAENidvmgyPxljkRyO73Jb0xU23xt35Xbufg','','2016-07-02 21:34:25.602140',5,1);
CREATE TABLE "socialaccount_socialapp" ("id" integer NOT NULL PRIMARY KEY AUTOINCREMENT, "provider" varchar(30) NOT NULL, "name" varchar(40) NOT NULL, "client_id" varchar(191) NOT NULL, "key" varchar(191) NOT NULL, "secret" varchar(191) NOT NULL);
INSERT INTO "socialaccount_socialapp" VALUES(1,'google','Google','603372862291-g9u23s0igg9vc62j68p6ec0ak2ub6dco.apps.googleusercontent.com','','NJsYMWnB61Os--4RrxIAgcIb');
INSERT INTO "socialaccount_socialapp" VALUES(2,'facebook','facebook','1041508589259766','','a4f47d0014f7d0fc6031ee75239d634c');
CREATE TABLE "socialaccount_socialaccount" ("id" integer NOT NULL PRIMARY KEY AUTOINCREMENT, "provider" varchar(30) NOT NULL, "uid" varchar(191) NOT NULL, "last_login" datetime NOT NULL, "date_joined" datetime NOT NULL, "user_id" integer NOT NULL REFERENCES "auth_user" ("id"), "extra_data" text NOT NULL);
INSERT INTO "socialaccount_socialaccount" VALUES(1,'google','103450282227973678881','2016-08-27 18:33:26.438246','2016-06-28 14:12:26.039474',2,'{"locale": "pt-BR", "name": "Jacinto Jos\u00e9 Franco", "given_name": "Jacinto Jos\u00e9", "picture": "https://lh6.googleusercontent.com/-cX3krS1Llao/AAAAAAAAAAI/AAAAAAAAANQ/N86i4nSXTIs/photo.jpg", "link": "https://plus.google.com/103450282227973678881", "family_name": "Franco", "verified_email": true, "email": "geekaia@gmail.com", "id": "103450282227973678881", "gender": "male"}');
INSERT INTO "socialaccount_socialaccount" VALUES(2,'facebook','1313740035321376','2016-08-27 16:51:51.997003','2016-06-29 13:28:41.719482',3,'{"email": "francolc_u@hotmail.com", "last_name": "Franco", "gender": "male", "name": "Jacinto Jos\u00e9 Franco", "link": "https://www.facebook.com/app_scoped_user_id/1313740035321376/", "first_name": "Jacinto Jos\u00e9", "verified": true, "id": "1313740035321376", "locale": "pt_BR", "timezone": -3, "updated_time": "2016-06-29T13:01:50+0000"}');
INSERT INTO "socialaccount_socialaccount" VALUES(3,'facebook','485843971621570','2016-06-29 18:38:43.164021','2016-06-29 13:29:56.660790',4,'{"link": "https://www.facebook.com/app_scoped_user_id/485843971621570/", "updated_time": "2016-06-28T01:56:11+0000", "email": "daysethaisfranco@gmail.com", "locale": "pt_BR", "verified": true, "first_name": "Dayse", "id": "485843971621570", "gender": "female", "last_name": "Thais", "timezone": -3, "name": "Dayse Thais"}');
INSERT INTO "socialaccount_socialaccount" VALUES(4,'facebook','1207368872636456','2016-06-30 00:04:42.470790','2016-06-29 22:36:39.747159',5,'{"link": "https://www.facebook.com/app_scoped_user_id/1207368872636456/", "updated_time": "2016-06-01T11:58:43+0000", "first_name": "Suzicleia", "id": "1207368872636456", "name": "Suzicleia Franco", "last_name": "Franco", "timezone": -3, "email": "suzicleia@hotmail.com", "verified": true, "gender": "female", "locale": "pt_BR"}');
INSERT INTO "socialaccount_socialaccount" VALUES(5,'google','101973194585034641384','2016-07-02 20:34:27.036619','2016-07-02 20:34:27.036710',6,'{"id": "101973194585034641384", "picture": "https://lh5.googleusercontent.com/-OjlHfIhEPa8/AAAAAAAAAAI/AAAAAAAAApA/mqZ5LS9Sjq0/photo.jpg", "gender": "female", "family_name": "de Jesus", "verified_email": true, "given_name": "suzicleia", "locale": "pt-BR", "email": "suzicleiadejesus@gmail.com", "name": "suzicleia de Jesus", "link": "https://plus.google.com/101973194585034641384"}');
CREATE TABLE "eventos_evento" ("id" integer NOT NULL PRIMARY KEY AUTOINCREMENT, "nomeevento" varchar(255) NOT NULL, "abreviacao" varchar(50) NOT NULL, "inicio" date NOT NULL, "fim" date NOT NULL, "textoInicio" text NOT NULL, "taxainscricao" varchar(50) NOT NULL, "qtatividades" integer NOT NULL);
CREATE TABLE "eventos_inscricaoativ" ("id" integer NOT NULL PRIMARY KEY AUTOINCREMENT, "concluiuativ" bool NOT NULL, "atividade_id" integer NOT NULL REFERENCES "eventos_atividade" ("id"), "evento_id" integer NOT NULL REFERENCES "eventos_evento" ("id"), "usuario_id" integer NOT NULL REFERENCES "auth_user" ("id"));
CREATE TABLE "eventos_inscricaoev" ("id" integer NOT NULL PRIMARY KEY AUTOINCREMENT, "evento_id" integer NOT NULL REFERENCES "eventos_evento" ("id"), "usuario_id" integer NOT NULL REFERENCES "auth_user" ("id"));
CREATE TABLE "eventos_inscriuser" ("id" integer NOT NULL PRIMARY KEY AUTOINCREMENT, "etnia" varchar(50) NOT NULL, "estadocivil" varchar(255) NOT NULL, "escolaridade" varchar(255) NOT NULL, "renda" varchar(255) NOT NULL, "profissao" varchar(255) NOT NULL, "academico" varchar(255) NOT NULL, "instituicaodeensino" varchar(255) NOT NULL, "alunotecnico" varchar(255) NOT NULL, "profraps" varchar(255) NOT NULL, "identpublico" varchar(255) NOT NULL, "usuarioservico" varchar(255) NOT NULL, "usuarioservicofamilia" varchar(255) NOT NULL, "japarticipou" varchar(255) NOT NULL, "abordcont" varchar(255) NOT NULL, "partcurso" varchar(255) NOT NULL, "jaauciliou" varchar(255) NOT NULL, "jaaucilioudrogas" varchar(255) NOT NULL, "opiniaodiscussao" varchar(255) NOT NULL, "opiniaoevento" varchar(255) NOT NULL, "user_id" integer NOT NULL REFERENCES "auth_user" ("id"));
INSERT INTO "eventos_inscriuser" VALUES(4,'branco','Solteiro','Fundamental Incompleto','Não possuo renda','professor','Sim, Biomedicina','estudo na UFMT/CUA','Não','Não','não','Não','Não','Sim, 2014','Não','Não','Sim','Sim','Sim','Sim',3);
CREATE TABLE "eventos_questionario" ("id" integer NOT NULL PRIMARY KEY AUTOINCREMENT, "academico" bool NOT NULL, "curso" varchar(255) NOT NULL, "profsaude" bool NOT NULL, "profissao" varchar(255) NOT NULL, "temposervico" varchar(20) NULL, "raps" bool NOT NULL, "localtrabalho" varchar(255) NULL, "temprapsmental" varchar(30) NULL, "participaant" bool NOT NULL, "saudementalf" bool NOT NULL, "importancia" bool NOT NULL, "justificativa" text NULL, "user_id" integer NOT NULL REFERENCES "auth_user" ("id"));
CREATE TABLE "eventos_perfil" ("id" integer NOT NULL PRIMARY KEY AUTOINCREMENT, "nomecracha" varchar(255) NOT NULL, "email" varchar(255) NOT NULL, "datanasci" varchar(10) NOT NULL, "sexo" varchar(50) NOT NULL, "cep" varchar(10) NOT NULL, "estado" varchar(50) NOT NULL, "cidade" varchar(50) NOT NULL, "endereco" varchar(500) NOT NULL, "bairro" varchar(255) NOT NULL, "complemento" varchar(255) NULL, "celular" varchar(15) NOT NULL, "rg" varchar(50) NOT NULL, "cpf" varchar(50) NOT NULL, "user_id" integer NOT NULL REFERENCES "auth_user" ("id"), "telefone" varchar(15) NULL);
INSERT INTO "eventos_perfil" VALUES(5,'Jacinto José Franco','jacinto.franco@bag.ifmt.edu.br','30/05/1986','Masculino','13566-520','SP','SÃO CARLOS','ALAMEDA DAS ORQUÍDEAS, 830','seila','asdfas','(66) 66666-6666','167443245345','011.784.291-56',3,'(66) 9212-0192');
CREATE TABLE "eventos_atividade" ("id" integer NOT NULL PRIMARY KEY AUTOINCREMENT, "descricao" varchar(50) NOT NULL, "tipo" varchar(255) NOT NULL, "inicio" datetime NOT NULL, "fim" datetime NOT NULL, "turno" varchar(15) NOT NULL, "local" varchar(50) NOT NULL, "evento_id" integer NOT NULL REFERENCES "eventos_evento" ("id"), "oradorouprofessor_id" integer NOT NULL REFERENCES "auth_user" ("id"));
DELETE FROM sqlite_sequence;
INSERT INTO "sqlite_sequence" VALUES('django_migrations',22);
INSERT INTO "sqlite_sequence" VALUES('account_emailaddress',5);
INSERT INTO "sqlite_sequence" VALUES('django_admin_log',10);
INSERT INTO "sqlite_sequence" VALUES('django_content_type',19);
INSERT INTO "sqlite_sequence" VALUES('auth_permission',57);
INSERT INTO "sqlite_sequence" VALUES('auth_user',6);
INSERT INTO "sqlite_sequence" VALUES('django_site',2);
INSERT INTO "sqlite_sequence" VALUES('socialaccount_socialtoken',5);
INSERT INTO "sqlite_sequence" VALUES('socialaccount_socialapp',2);
INSERT INTO "sqlite_sequence" VALUES('socialaccount_socialaccount',5);
INSERT INTO "sqlite_sequence" VALUES('socialaccount_socialapp_sites',4);
INSERT INTO "sqlite_sequence" VALUES('eventos_perfil',5);
INSERT INTO "sqlite_sequence" VALUES('eventos_atividade',0);
INSERT INTO "sqlite_sequence" VALUES('eventos_inscriuser',4);
CREATE UNIQUE INDEX "auth_group_permissions_group_id_0cd325b0_uniq" ON "auth_group_permissions" ("group_id", "permission_id");
CREATE INDEX "auth_group_permissions_0e939a4f" ON "auth_group_permissions" ("group_id");
CREATE INDEX "auth_group_permissions_8373b171" ON "auth_group_permissions" ("permission_id");
CREATE UNIQUE INDEX "auth_user_groups_user_id_94350c0c_uniq" ON "auth_user_groups" ("user_id", "group_id");
CREATE INDEX "auth_user_groups_e8701ad4" ON "auth_user_groups" ("user_id");
CREATE INDEX "auth_user_groups_0e939a4f" ON "auth_user_groups" ("group_id");
CREATE UNIQUE INDEX "auth_user_user_permissions_user_id_14a6b632_uniq" ON "auth_user_user_permissions" ("user_id", "permission_id");
CREATE INDEX "auth_user_user_permissions_e8701ad4" ON "auth_user_user_permissions" ("user_id");
CREATE INDEX "auth_user_user_permissions_8373b171" ON "auth_user_user_permissions" ("permission_id");
CREATE INDEX "account_emailconfirmation_6f1edeac" ON "account_emailconfirmation" ("email_address_id");
CREATE INDEX "account_emailaddress_e8701ad4" ON "account_emailaddress" ("user_id");
CREATE INDEX "django_admin_log_417f1b1c" ON "django_admin_log" ("content_type_id");
CREATE INDEX "django_admin_log_e8701ad4" ON "django_admin_log" ("user_id");
CREATE UNIQUE INDEX "django_content_type_app_label_76bd3d3b_uniq" ON "django_content_type" ("app_label", "model");
CREATE UNIQUE INDEX "auth_permission_content_type_id_01ab375a_uniq" ON "auth_permission" ("content_type_id", "codename");
CREATE INDEX "auth_permission_417f1b1c" ON "auth_permission" ("content_type_id");
CREATE INDEX "django_session_de54fa62" ON "django_session" ("expire_date");
CREATE UNIQUE INDEX "socialaccount_socialapp_sites_socialapp_id_71a9a768_uniq" ON "socialaccount_socialapp_sites" ("socialapp_id", "site_id");
CREATE INDEX "socialaccount_socialapp_sites_fe95b0a0" ON "socialaccount_socialapp_sites" ("socialapp_id");
CREATE INDEX "socialaccount_socialapp_sites_9365d6e7" ON "socialaccount_socialapp_sites" ("site_id");
CREATE UNIQUE INDEX "socialaccount_socialtoken_app_id_fca4e0ac_uniq" ON "socialaccount_socialtoken" ("app_id", "account_id");
CREATE INDEX "socialaccount_socialtoken_8a089c2a" ON "socialaccount_socialtoken" ("account_id");
CREATE INDEX "socialaccount_socialtoken_f382adfe" ON "socialaccount_socialtoken" ("app_id");
CREATE UNIQUE INDEX "socialaccount_socialaccount_provider_fc810c6e_uniq" ON "socialaccount_socialaccount" ("provider", "uid");
CREATE INDEX "socialaccount_socialaccount_e8701ad4" ON "socialaccount_socialaccount" ("user_id");
CREATE INDEX "eventos_inscricaoativ_8bb18a2c" ON "eventos_inscricaoativ" ("atividade_id");
CREATE INDEX "eventos_inscricaoativ_afb29da0" ON "eventos_inscricaoativ" ("evento_id");
CREATE INDEX "eventos_inscricaoativ_abfe0f96" ON "eventos_inscricaoativ" ("usuario_id");
CREATE INDEX "eventos_inscricaoev_afb29da0" ON "eventos_inscricaoev" ("evento_id");
CREATE INDEX "eventos_inscricaoev_abfe0f96" ON "eventos_inscricaoev" ("usuario_id");
CREATE INDEX "eventos_inscriuser_e8701ad4" ON "eventos_inscriuser" ("user_id");
CREATE INDEX "eventos_questionario_e8701ad4" ON "eventos_questionario" ("user_id");
CREATE INDEX "eventos_perfil_e8701ad4" ON "eventos_perfil" ("user_id");
CREATE INDEX "eventos_atividade_afb29da0" ON "eventos_atividade" ("evento_id");
CREATE INDEX "eventos_atividade_abf6c3a5" ON "eventos_atividade" ("oradorouprofessor_id");
COMMIT;
